delete from document;
delete from transaction;
delete from contact;
delete from user;
delete from category;

INSERT INTO user (id, created, is_company, name, surname, identity_number, email, country, password, language, token) VALUES (1, {ts '2017-01-01 00:00:00.00'}, 1, 'Jordynn', 'Rigel', '75545347', 'Jordy.LUN8128@yahoo.com', 'United States', 'yG0RSco46T', 'us', 'QFfFP0N3VcpJESSiW4zh');
INSERT INTO user (id, created, is_company, name, surname, identity_number, email, country, password, language, token) VALUES (2, {ts '2017-01-01 00:00:00.00'}, 0, 'Kobe', 'Mo', '85877367', 'Kob.VALENZU1995@mail2web.com', 'United States', '4HqI8SjqmG', 'us', 'QPAWHQoSqDMkANqWwHuV');
INSERT INTO user (id, created, is_company, name, surname, identity_number, email, country, password, language, token) VALUES (3, {ts '2017-01-01 00:00:00.00'}, 0, 'Karis', 'Shae', '37389778', 'Kari.SAUNDERS9199@gmail.com', 'United States', '8dB2t8eEdR', 'us', 'st6xBgHSbaQViw4qAUXl');
INSERT INTO user (id, created, is_company, name, surname, identity_number, email, country, password, language, token) VALUES (4, {ts '2017-01-01 00:00:00.00'}, 1, 'Rihanna', 'Kinsey', '05689529', 'Riha.OL1538@yahoo.com', 'United States', 'ToLe6Tpwzb', 'us', 'e3YjXURKNigx0uc2ciSE');
INSERT INTO user (id, created, is_company, name, surname, identity_number, email, country, password, language, token) VALUES (5, {ts '2017-01-01 00:00:00.00'}, 1, 'Lilah', 'Sidney', '18932616', 'Li.REYNOL7789@hushmail.com', 'United States', 'UWq79GcvTX', 'us', 'ARVJ5mdBlQc1sIDhOsyH');
INSERT INTO user (id, created, is_company, name, surname, identity_number, email, country, password, language, token) VALUES (6, {ts '2017-01-01 00:00:00.00'}, 0, 'Brennen', 'Sidney', '29657247', 'Brenn.MILL4124@live.com', 'United States', 'PdFbYPfiTu', 'us', 'HCz2nCbxV7xtgdwO9IBL');
INSERT INTO user (id, created, is_company, name, surname, identity_number, email, country, password, language, token) VALUES (7, {ts '2017-01-01 00:00:00.00'}, 1, 'Yosef', 'Devyn', '03523209', 'Yos.COX8743@live.com', 'United States', 'iCxZA6N6pl', 'us', '9rDKEOAh1SX84VVKbvR6');
INSERT INTO user (id, created, is_company, name, surname, identity_number, email, country, password, language, token) VALUES (8, {ts '2017-01-01 00:00:00.00'}, 1, 'Barbara', 'Tawanda', '88962627', 'Barbar.WHITF8199@live.com', 'United States', '7gMqVpStCW', 'us', 'ygCJmQtAjoXjoINpTB69');
INSERT INTO user (id, created, is_company, name, surname, identity_number, email, country, password, language, token) VALUES (9, {ts '2017-01-01 00:00:00.00'}, 1, 'Layne', 'Lexis', '87374328', 'Lay.FORD9298@gmail.com', 'United States', 'SpW5RTmmmf', 'us', 'dPXGY3W8pLVZK3f48K33');
INSERT INTO user (id, created, is_company, name, surname, identity_number, email, country, password, language, token) VALUES (10, {ts '2017-01-01 00:00:00.00'}, 1, 'Lyla', 'Robin', '08404823', 'Lyla.ROWL7168@mail2web.com', 'United States', 'm9a569L6sH', 'us', '5It3rxjiRYrzuxZbLXyX');

INSERT INTO category (id, created, name, is_general, user_id) VALUES (1, {ts '2017-01-01 00:00:00.00'}, 'General', 1, 4);
INSERT INTO category (id, created, name, is_general, user_id) VALUES (2, {ts '2017-01-01 00:00:00.00'}, 'General', 1, 2);
INSERT INTO category (id, created, name, is_general, user_id) VALUES (3, {ts '2017-01-01 00:00:00.00'}, 'Cinema Tickets', 0, 2);
INSERT INTO category (id, created, name, is_general, user_id) VALUES (4, {ts '2017-01-01 00:00:00.00'}, 'General', 1, 6);
INSERT INTO category (id, created, name, is_general, user_id) VALUES (5, {ts '2017-01-01 00:00:00.00'}, 'Flights', 0, 2);
INSERT INTO category (id, created, name, is_general, user_id) VALUES (6, {ts '2017-01-01 00:00:00.00'}, 'Flights', 0, 10);
INSERT INTO category (id, created, name, is_general, user_id) VALUES (7, {ts '2017-01-01 00:00:00.00'}, 'Tickets', 0, 7);
INSERT INTO category (id, created, name, is_general, user_id) VALUES (8, {ts '2017-01-01 00:00:00.00'}, 'Contracts',0, 10);
INSERT INTO category (id, created, name, is_general, user_id) VALUES (9, {ts '2017-01-01 00:00:00.00'}, 'General', 1, 1);
INSERT INTO category (id, created, name, is_general, user_id) VALUES (10, {ts '2017-01-01 00:00:00.00'}, 'Contracts', 0, 6);
INSERT INTO category (id, created, name, is_general, user_id) VALUES (11, {ts '2017-01-01 00:00:00.00'}, 'General', 1, 3);
INSERT INTO category (id, created, name, is_general, user_id) VALUES (12, {ts '2017-01-01 00:00:00.00'}, 'General', 1, 5);
INSERT INTO category (id, created, name, is_general, user_id) VALUES (13, {ts '2017-01-01 00:00:00.00'}, 'General', 1, 7);
INSERT INTO category (id, created, name, is_general, user_id) VALUES (14, {ts '2017-01-01 00:00:00.00'}, 'General', 1, 8);
INSERT INTO category (id, created, name, is_general, user_id) VALUES (15, {ts '2017-01-01 00:00:00.00'}, 'General', 1, 9);
INSERT INTO category (id, created, name, is_general, user_id) VALUES (16, {ts '2017-01-01 00:00:00.00'}, 'General', 1, 10);
INSERT INTO category (id, created, name, is_general, user_id) VALUES (17, {ts '2017-01-01 00:00:00.00'}, 'Health', 0, 2);

INSERT INTO contact (id, created, origin_category_id, target_category_id, origin_status, target_status) VALUES (1, {ts '2017-01-01 00:00:00.00'}, 1, 2, 1, 2);
INSERT INTO contact (id, created, origin_category_id, target_category_id, origin_status, target_status) VALUES (2, {ts '2017-01-01 00:00:00.00'}, 2, 4, 2, 2);
INSERT INTO contact (id, created, origin_category_id, target_category_id, origin_status, target_status) VALUES (3, {ts '2017-01-01 00:00:00.00'}, 13, 14, 3, 1);
INSERT INTO contact (id, created, origin_category_id, target_category_id, origin_status, target_status) VALUES (4, {ts '2017-01-01 00:00:00.00'}, 15, 16, 2, 1);
INSERT INTO contact (id, created, origin_category_id, target_category_id, origin_status, target_status) VALUES (5, {ts '2017-01-01 00:00:00.00'}, 13, 3, 1, 3);
INSERT INTO contact (id, created, origin_category_id, target_category_id, origin_status, target_status) VALUES (6, {ts '2017-01-01 00:00:00.00'}, 11, 5, 1, 3);
INSERT INTO contact (id, created, origin_category_id, target_category_id, origin_status, target_status) VALUES (7, {ts '2017-01-01 00:00:00.00'}, 10, 3, 1, 1);

INSERT INTO document (id, created, author_id, path) VALUES (1, {ts '2017-01-01 00:00:00.00'}, 1, 'http://orimi.com/pdf-test.pdf');
INSERT INTO document (id, created, author_id, path) VALUES (2, {ts '2017-01-01 00:00:00.00'}, 2, 'http://orimi.com/pdf-test.pdf');
INSERT INTO document (id, created, author_id, path) VALUES (3, {ts '2017-01-01 00:00:00.00'}, 3, 'http://orimi.com/pdf-test.pdff');
INSERT INTO document (id, created, author_id, path) VALUES (4, {ts '2017-01-01 00:00:00.00'}, 4, 'http://orimi.com/pdf-test.pdf');
INSERT INTO document (id, created, author_id, path) VALUES (5, {ts '2017-01-01 00:00:00.00'}, 5, 'http://orimi.com/pdf-test.pdf');

INSERT INTO transaction (id, created, document_id, origin_user_id, target_category_id, subject, opened, is_signed, is_requested_signature, is_archived) VALUES (1, {ts '2017-01-01 00:00:00.00'}, 1,1,2,'Contract for the new car', null, false, false, false);
INSERT INTO transaction (id, created, document_id, origin_user_id, target_category_id, subject, opened, is_signed, is_requested_signature, is_archived) VALUES (2, {ts '2017-01-01 00:00:00.00'}, 2,3,9,'Cinema Tickets', null, true, false, false);
INSERT INTO transaction (id, created, document_id, origin_user_id, target_category_id, subject, opened, is_signed, is_requested_signature, is_archived) VALUES (3, {ts '2017-01-01 00:00:00.00'}, 3,4,12,'Flight ticket to New York', null, true, true, false);
INSERT INTO transaction (id, created, document_id, origin_user_id, target_category_id, subject, opened, is_signed, is_requested_signature, is_archived) VALUES (4, {ts '2017-01-01 00:00:00.00'}, 4,5,16,'La traviata tickets', null, false, true, false);
INSERT INTO transaction (id, created, document_id, origin_user_id, target_category_id, subject, opened, is_signed, is_requested_signature, is_archived) VALUES (5, {ts '2017-01-01 00:00:00.00'}, 5,7,9,'Renting contract', null, false, false, true);
INSERT INTO transaction (id, created, document_id, origin_user_id, target_category_id, subject, opened, is_signed, is_requested_signature, is_archived) VALUES (6, {ts '2017-01-01 00:00:00.00'}, 2,1,11,'Working contract', null, false, false, false);
INSERT INTO transaction (id, created, document_id, origin_user_id, target_category_id, subject, opened, is_signed, is_requested_signature, is_archived) VALUES (7, {ts '2017-01-01 00:00:00.00'}, 1,2,11,'Contract for the insurance (Top)', null, false, false, false);
INSERT INTO transaction (id, created, document_id, origin_user_id, target_category_id, subject, opened, is_signed, is_requested_signature, is_archived) VALUES (8, {ts '2017-01-01 00:00:00.00'}, 2,2,15,'Contract for the insurance (Sana)', null, true, true, false);
INSERT INTO transaction (id, created, document_id, origin_user_id, target_category_id, subject, opened, is_signed, is_requested_signature, is_archived) VALUES (9, {ts '2017-01-01 00:00:00.00'}, 3,2,13,'Contract extension (Full)', null, true, true, false);
INSERT INTO transaction (id, created, document_id, origin_user_id, target_category_id, subject, opened, is_signed, is_requested_signature, is_archived) VALUES (10, {ts '2017-01-01 00:00:00.00'}, 4,6,5,'Flight to Malawi', null, true, true, false);
INSERT INTO transaction (id, created, document_id, origin_user_id, target_category_id, subject, opened, is_signed, is_requested_signature, is_archived) VALUES (11, {ts '2017-01-01 00:00:00.00'}, 5,6,5,'Flight to San Francisco', null, true, true, true);
INSERT INTO transaction (id, created, document_id, origin_user_id, target_category_id, subject, opened, is_signed, is_requested_signature, is_archived) VALUES (12, {ts '2017-01-01 00:00:00.00'}, 1,10,3,'FilmTicket: Daredevil 3', null, true, false, false);
INSERT INTO transaction (id, created, document_id, origin_user_id, target_category_id, subject, opened, is_signed, is_requested_signature, is_archived) VALUES (13, {ts '2017-01-01 00:00:00.00'}, 4,10,3,'FilmTicket: Sharknado 55', null, false, true, false);
INSERT INTO transaction (id, created, document_id, origin_user_id, target_category_id, subject, opened, is_signed, is_requested_signature, is_archived) VALUES (14, {ts '2017-01-01 00:00:00.00'}, 3,10,3,'FilmTicket: Give me love', null, true, true, true);
INSERT INTO transaction (id, created, document_id, origin_user_id, target_category_id, subject, opened, is_signed, is_requested_signature, is_archived) VALUES (15, {ts '2017-01-01 00:00:00.00'}, 5,7,2,'UBS: Monthly report', null, true, true, false);